"Date","Year","HOx","EM","Chem_Depth_m","Cmax_SRP_ugL","Cmax_DIN_ugL","Cmax_DOC_mgL","SRPmax_depth_m","SRPmax_ugL","DINmax_depth_m","DINmax_ugL","DOCmax_depth_m","DOCmax_mgL","Temp_Depth_m","Temp_C","schmidt.stability","thermo.depth","Kd","perc_light_thermocline","shannon","richness","BV_Bacillaria","BV_Cryptophytes","BV_Cyanobacteria","rel_abund_Bacillaria","rel_abund_Cryptophytes","rel_abund_Cyanobacteria","BV_TOTAL"
2016-04-25,2016,1,0,6.2,5,11,1.6,1.6,6,9,33,1.6,1.8,6.2,9.1,13.0039894057144,3.31938825395016,0.788253033165957,6.45683151718357,2.13130748701204,12,30833.8282278327,9153.37269281586,12136.5291619646,0.311692015509728,0.0925293207919004,0.122685357388437,98924.0233741898
2016-05-02,2016,1,0,6.2,5,17,1.7,3.8,8,9,46,NA,NA,5.9,9.6,20.0167575088101,3.05580212194591,0.677543744393727,11.3644524236984,2.10867943876525,13,157851.609385738,67673.2982841155,7537.68189826716,0.454254336864501,0.194745491383389,0.0216914145222662,347496.097616397
2016-05-09,2016,1,0,5,7,6,1.7,NA,NA,8,45,0.1,1.9,4.7,12,13.5938465924251,4.21465340248426,0.745579127755567,9.15249134427217,1.85479827555385,12,5543.98703574669,30902.7849977098,94204.7289362148,0.0257817280448718,0.143710148220574,0.438089174147436,215035.509881171
2016-05-16,2016,1,0,6.2,9,16,1.3,0.1,12,6.2,16,3.8,1.7,5.608,10.1831,12.6082799680227,3.42121338205086,0.716024095400322,10.4810495626822,1.97051693615006,9,1458.53639961831,12542.2234878227,38661.9601880071,0.0105861838868852,0.0910325475780022,0.280611865487063,137777.353501787
2016-05-23,2016,1,0,6.2,NA,NA,1.4,3.8,16,0.1,24,NA,NA,5.842,10.3896,13.3449971763047,3.29424610277806,0.907754263913134,15.5263157894737,1.20829449554427,12,10354.6869821248,56837.5267549158,75588.4214733264,0.0196217095844805,0.107704795462224,0.143236976323796,527715.841351289
2016-05-30,2016,1,1,5,12,9,1.7,NA,NA,1.6,52,5,1.7,5.408,10.7166,26.084392676875,3.80345973213649,0.879383833483033,3.12050739957717,1.78221606235577,11,2468.29236858484,12801.962986475,140964.997359617,0.00962162995974549,0.0499032254776372,0.549494484175857,256535.782285492
2016-06-06,2016,1,1,3.8,7,17,1.6,5,15,0.1,19,0.1,1.9,3.681,16.5932,35.6912306974633,2.1859422217958,1.04297440839534,3.17073170731707,1.24454278418438,10,12566.3706143592,22393.1880720704,729758.549416547,0.0117630253453835,0.0209616321959111,0.683106409657238,1068294.10337801
2016-06-13,2016,1,1,5,12,9,1.8,3.8,14,8,16,0.1,2.1,4.825,14.3834,29.4337089392902,3.92312293262218,0.789965718097909,6.275,1.89697419573205,10,3470.57946695944,22098.6611043141,119838.792805611,0.015509047871146,0.0987527288217672,0.535526010032801,223777.726124395
2016-06-20,2016,1,0,3.8,14,10,2.2,3.8,14,9,30,3.8,2.2,4.212,16.6538,32.1920958182945,3.38342222196581,0.903609078698925,3.30082041932543,1.78897778395619,10,1887.5176936237,13393.3112011515,18457.611642449,0.0262134010151593,0.186003150393038,0.256334961733105,72005.8298628301
2016-06-27,2016,1,1,5,4,10,1.6,NA,NA,NA,NA,3.8,2.1,4.596,15.412,28.6585887306476,3.40852224468792,NA,NA,2.10777982085003,15,49554.2212449153,33483.3563970676,77004.7611090723,0.218873244591439,0.147890748160828,0.340117985703605,226406.024808632
2016-07-05,2016,1,1,3.8,7,14,1.8,1.6,10,8,55,0.1,2,3.052,21.2015,20.6349888674142,5.30840317472779,0.682609249779058,4.68571428571429,1.55080155315779,7,0,34275.0099797268,31829.0458252666,0,0.322979850206514,0.29993107103226,106121.202167291
2016-07-11,2016,1,1,3.8,11,12,1.7,0.1,12,9,55,0.1,2,NA,NA,NA,NA,NA,NA,2.01872475771498,12,0,49904.0097200415,148810.122008677,0,0.15024284220166,0.448013211851806,332155.655395941
2016-07-18,2016,1,0,3.8,9,4,1.6,NA,NA,9,25,1.6,2.1,3.484,21.2782,35.9975719151826,2.62452075639383,1.08293183454191,8.96385542168675,1.98812259369594,14,20046.6739973937,71865.5244465321,217336.824481726,0.0394982974244023,0.141597846082539,0.42822238421049,507532.610380536
2016-07-25,2016,1,1,6.2,7,93,2.5,3.8,13,6.2,93,0.1,3.7,6.208,13.7139,42.0594127402525,2.67111384681078,1.13864988399018,7.52032520325203,1.30360849899952,10,24424.2316098174,463720.050070743,253608.101407294,0.0298927171720707,0.567545072665106,0.310389918054447,817062.947781722
2016-08-01,2016,1,1,6.2,13,5,2.1,5,14,9,26,3.8,2.4,6.387,15.4454,24.7769774774788,5.54655917530739,1.11335165820163,1.10032362459547,0.1924557984322,12,2427.90091972503,2943424.55317809,19102.035940529,0.000794045784952115,0.962647956836854,0.00624732706320596,3057633.40821896
2016-08-08,2016,1,1,5,13,16,2.5,5,13,9,40,3.8,4.1,4.951,21.9317,18.4244614969733,5.48885985167982,0.837605087741998,1.19214586255259,0.311260419103124,12,42853.7228175502,2931760.94641661,43768.1801355433,0.0137604896643049,0.941399335902192,0.0140541253077299,3114258.56659114
2016-08-15,2016,1,0,5,7,72,1.8,NA,NA,9,175,8,3.3,5.07,21.3286,27.7613546813275,5.43240902648035,0.964447961434668,1.79007633587786,0.976777886595293,16,140581.618540736,987482.390341686,38178.6824414415,0.107836060374236,0.757468947709723,0.02928575405163,1303660.55707951
2016-08-26,2016,1,0,3.8,10,19,2.9,0.1,16,8,318,6.2,14.8,3.43,25.3769,31.4382592740269,4.98665781709335,1.01805850834175,0.957415565345081,1.88548517698564,15,265642.705363014,82038.0404098574,438892.075190266,0.268699469908497,0.082982056444339,0.443942429322527,988623.853457828
2016-09-02,2016,1,0,3.8,11,9,2.1,1.6,12,8,283,5,2.4,4.098,23.2067,19.7320586437909,5.16804251989714,1.42833816619588,1.52910052910053,1.18034605331778,13,69774.3084333966,4926.16629669372,246274.045374961,0.19015618282331,0.0134252993682666,0.671171573727017,366931.57907061
2016-09-09,2016,1,0,3.8,13,12,7.3,3.8,13,9,349,3.8,7.3,3.526,23.737,22.4395133928007,4.86562253639333,1.47150445521055,0.240343347639485,1.92030373679034,12,72287.1416095412,143407.408115412,225138.356088947,0.0869823832236532,0.172560677487892,0.270906696981463,831054.966885341
2016-09-20,2016,1,0,5,12,8,3.2,9,14,8,259,5,3.2,5,21.5,12.4352061870004,5.39468990707329,0.914123396636789,0.291457286432161,2.03803827811904,12,31696.9530226268,38570.0941511664,43739.3965530395,0.153475956139714,0.186755555779238,0.211785205415797,206527.157868116
2016-09-30,2016,1,0,1.6,9,33,3.4,6.2,11,9,346,6.2,11.9,2.024,21.5449,7.86641525090423,5.54074431528816,1.3512364201677,0.0229357798165138,1.43608728831591,10,33107.3245960153,45441.3035966823,394776.294067837,0.0681736002275026,0.0935713562789561,0.812911389835317,485632.627373831
2016-10-07,2016,1,0,0.1,12,40,3.6,0.1,12,9,92,0.1,3.6,0.678,19.6418,1.27428464038847,3.49293747268053,0.783567747446709,1.77944862155388,1.88988229375122,13,18661.8942737929,86370.5667557837,306135.937624346,0.0241606945267082,0.111819992593979,0.396340090886494,772407.194386043
2017-01-01,NA,NA,NA,NA,NA,NA,NA,NA,NA,NA,NA,NA,NA,NA,NA,NA,NA,NA,NA,NA,NA,NA,NA,NA,NA,NA,NA,NA
2017-05-01,NA,NA,NA,NA,NA,NA,NA,NA,NA,NA,NA,NA,NA,NA,NA,NA,NA,NA,NA,NA,NA,NA,NA,NA,NA,NA,NA,NA
2017-05-08,NA,NA,NA,NA,NA,NA,NA,NA,NA,NA,NA,NA,NA,NA,NA,NA,NA,NA,NA,NA,NA,NA,NA,NA,NA,NA,NA,NA
2017-05-15,2017,1,0,8,6,24,2.5,3.8,12,9,26,6.2,2.8,8,9.9,15.9209080183944,4.01506232631761,0.972246005249675,1.58096085409253,1.24342137525132,9,4112.33516712057,74566.6912393795,260049.297264198,0.0101206043985402,0.183511302623287,0.639990651241622,406332.962457633
2017-05-22,2017,1,0,5,3,19,2.3,6.2,11,NA,NA,3.8,2.5,5,10.9,23.1370573587243,2.51047438892007,0.831441559485452,7.32409381663113,1.69415913948394,11,8031.90462328235,43675.0937195815,89206.188060393,0.0448348582720313,0.243798542036831,0.497957456701151,179144.195673588
2017-05-29,2017,1,1,3.8,9,8,2.4,3.8,9,9,61,8,3.7,3.8,13.8,28.2272194461423,3.92699534264093,1.36712864006326,0.731452455590387,0.881232997332859,7,28215.6547588966,4837.95670735899,154418.185525377,0.135788470825505,0.0232827750702874,0.743140978273018,207791.240208862
2017-06-05,NA,NA,NA,NA,NA,NA,NA,NA,NA,NA,NA,NA,NA,NA,NA,NA,NA,NA,NA,NA,NA,NA,NA,NA,NA,NA,NA,NA
2017-06-12,2017,1,1,5,5,15,2.5,NA,NA,NA,NA,NA,NA,5,15.1,26.257021143236,5.1059134415866,0.844670387833618,1.02808691043985,1.42103441276369,14,17410.0251916459,168452.972338971,1570.16433653694,0.076672862372311,0.741858292689332,0.00691492360016665,227068.934861276
2017-06-19,2017,1,0,1.6,8,14,2.7,1.6,8,9,42,9,2.8,1.6,24,33.3891218767201,2.44564920432892,0.790306260413362,12.2409435551811,1.42016268181698,11,26310.8384738145,123366.199699398,292088.886082656,0.0493232143612908,0.231266575512865,0.547560000991364,533437.222503151
2017-06-26,2017,1,0,3.8,5,12,2.5,1.6,9,9,63,1.6,3.2,3.8,18.4,29.0855239660882,3.03227105474227,0.791434036710635,8.0969453606769,1.65770068256961,12,7386.56509323064,103656.119937986,120423.738213674,0.0273420294302308,0.383692372056032,0.445759206448229,270154.236797933
2017-07-05,2017,1,0,3.8,12,14,3.1,NA,NA,9,92,0.1,3.9,2.8,22.4,33.0390201025963,3.25957948508248,0.719863911759857,25.3191489361702,1.10822163322269,14,50390.3714511062,21820.7357859362,1192500.61444715,0.0326167841532986,0.0141241711204019,0.77188427122112,1544921.51078634
2017-07-10,2017,1,1,3.8,9,7,2.9,0.1,20,9,124,0.1,4.4,3.168,19.4333,34.942571170919,2.11680342385753,1.05620819636479,10.9810565224087,1.78530415557059,10,40144.2772189672,0,126672.191613896,0.112927991183061,0,0.356335625615756,355485.622283777
2017-07-17,2017,1,1,1.6,16,48,4.7,0.1,18,8,171,1.6,4.7,2.8,24.8,32.2792981342516,5.19215904551091,1.35320229562958,0.142365097588978,0.86102630691928,12,119299.072137986,69731.4966504744,4489436.30194552,0.0198485256104735,0.0116016610382579,0.746935326644356,6010475.26044126
2017-07-24,2017,1,1,1.6,16,20,6.5,0.1,18,9,195,0.1,6.9,-0.1,NA,NA,NA,NA,NA,0.457226013185139,13,118883.71229812,116281.172487438,10492158.0933832,0.0103049485076753,0.0100793579854766,0.909469823886152,11536565.3898778
2017-07-31,NA,NA,NA,NA,NA,NA,NA,NA,NA,NA,NA,NA,NA,NA,NA,NA,NA,NA,NA,NA,NA,NA,NA,NA,NA,NA,NA,NA
2017-08-07,2017,1,0,5,9,96,2,1.6,12,8,358,0.1,3.6,5,17.6,23.1830171345293,3.52595428638924,1.09121355400782,5.05365178262374,1.82114034598666,17,45141.4928107958,160556.434390672,9467.52284597471,0.147103065459159,0.523206970071927,0.0308519179634756,306869.830821635
2017-08-14,2017,1,0,5,7,146,2.1,NA,NA,9,377,0.1,3.7,0.1,19,NA,NA,NA,NA,1.95959343423433,17,84125.4711135315,102472.65596799,89566.3084582477,0.159630081563224,0.194444301038087,0.169954199783462,527002.619366653
2017-08-21,2017,1,0,5,7,164,2.5,NA,NA,8,359,0.1,3.6,5,17.8,33.0409798436165,3.63056840129449,1.30993985677198,2.79344073647871,1.10168765631518,17,50847.6011210636,939764.540174282,23310.3153046683,0.0354827400528323,0.655791426826234,0.0162665266456882,1433023.52200968
2017-08-28,2017,1,0,5,6,6,2,1.6,9,8,401,6.2,6.7,5,17.5,10.3695591612238,4.45300136033483,1.14878604170034,0.703054806828392,1.28834642308754,16,70756.4441013004,923670.902510221,177932.888121138,0.0533589062509353,0.696559440200216,0.134182891986787,1326047.49746084
2017-09-04,2017,1,0,5,7,111,2.6,0.1,8,8,419,0.1,3.4,5,17.7,12.8034866409427,4.68038329910099,1.35459511933668,0.359570269677702,2.07943049775254,15,254077.030288843,351010.921264325,165117.539220083,0.226890889965575,0.313452893489666,0.14745002875695,1119820.32565253
2017-09-11,NA,NA,NA,NA,NA,NA,NA,NA,NA,NA,NA,NA,NA,NA,NA,NA,NA,NA,NA,NA,NA,NA,NA,NA,NA,NA,NA,NA
2017-09-18,NA,NA,NA,NA,NA,NA,NA,NA,NA,NA,NA,NA,NA,NA,NA,NA,NA,NA,NA,NA,NA,NA,NA,NA,NA,NA,NA,NA
2017-09-25,2017,1,0,5,8,69,1.9,5,8,9,393,1.6,3.2,5,17.6,12.9222441517907,4.58485558437593,0.945307461066889,1.30874479476502,1.80966233743367,17,18825.3565428186,136880.474231565,715580.040227349,0.0119032654811182,0.0865494696078529,0.452460975835525,1581528.74710563
2018-01-01,NA,NA,NA,NA,NA,NA,NA,NA,NA,NA,NA,NA,NA,NA,NA,NA,NA,NA,NA,NA,NA,NA,NA,NA,NA,NA,NA,NA
2018-05-07,2018,1,0,3.8,8,12,3.3,0.1,11,8,56,6.2,3.5,3.622,11.2389,25.9538726390488,2.46405691975767,0.573795168011242,15.7099929672016,1.60226967818498,11,27900.1692356228,28100.9569753238,13021.0296290694,0.112502997568318,0.113312642212427,0.0525052322200904,247994.896479804
2018-05-14,2018,1,0,3.8,10,13,3.4,9,13,6.2,88,NA,NA,3.949,11.7099,36.7475494751903,3.09516734679439,0.581552864620653,10.7161201106282,2.13923165864396,13,27640.131301902,32941.6967012764,1859.11819013576,0.160877829179674,0.191735292315052,0.0108208928297278,171808.206530637
2018-05-21,2018,1,0,1.6,10,15,4.1,6.2,12,8,82,0.1,4.4,2.374,16.569,24.4147680298219,3.1391836344729,0.827292457638395,0.620747432068187,1.90450479161655,16,67614.5605071852,111968.408054354,7512.92001685488,0.131390309484543,0.217579818258077,0.0145992945712082,514608.427154513
2018-05-28,NA,NA,NA,NA,NA,NA,NA,NA,NA,NA,NA,NA,NA,NA,NA,NA,NA,NA,NA,NA,NA,NA,NA,NA,NA,NA,NA,NA
2018-06-04,2018,1,0,3.8,5,15,3.2,1.6,8,6.2,22,NA,NA,3.142,14.7713,35.5185676293336,2.55081851482853,0.88377000720341,10.90202532803,1.46932444725617,11,22797.3976819745,99001.6133601172,195801.128354007,0.0567974312617723,0.246652596408924,0.487818885462411,401380.787396954
2018-06-11,2018,1,0,5,8,17,3.3,NA,NA,0.1,18,0.1,3.9,4.438,10.663,40.0999348804267,2.1372614355635,0.807075110937086,20.5808107258825,0.855566291491044,11,15450.1108456672,332131.018530156,19967.3704226971,0.0378281693403448,0.813192121250274,0.0488882621734072,408428.72164023
2018-06-18,NA,NA,NA,NA,NA,NA,NA,NA,NA,NA,NA,NA,NA,NA,NA,NA,NA,NA,NA,NA,NA,NA,NA,NA,NA,NA,NA,NA
2018-06-25,NA,NA,NA,NA,NA,NA,NA,NA,NA,NA,NA,NA,NA,NA,NA,NA,NA,NA,NA,NA,NA,NA,NA,NA,NA,NA,NA,NA
2018-07-02,2018,1,0,1.6,6,34,4.1,9,8,9,38,0.1,4.5,2.293,20.6099,47.3142738536629,2.55339244838678,1.01934323864602,5.93669175834781,1.95054589412392,12,28284.0844007347,173500.391668842,12097.1192832797,0.0392182704655313,0.2405729381209,0.0167736769974117,721196.627617565
2018-07-09,2018,1,0,3.8,4,15,3.3,8,8,0.1,19,1.6,4.4,3.065,16.8417,44.0773483579055,2.47944646880228,1.0468333343452,7.49760175414554,1.70455947926443,11,34333.4293841599,296528.323242861,16617.2610211397,0.0283328775754311,0.244703218722566,0.01371301470887,1211787.58820926
2018-07-16,NA,NA,NA,NA,NA,NA,NA,NA,NA,NA,NA,NA,NA,NA,NA,NA,NA,NA,NA,NA,NA,NA,NA,NA,NA,NA,NA,NA
2018-07-23,2018,0,0,0.1,9,22,4.9,0.1,9,NA,NA,9.5,6.5,0.8,25,36.2165981501247,3.30464181226096,NA,NA,1.41947301159934,11,43533.4679426,115785.873887888,1353653.25462591,0.0153969810648619,0.040951318424273,0.478762076969029,2827402.83690739
2018-07-30,2018,0,0,1.6,8,18,5.6,NA,NA,9,126,1.6,5.6,2.624,21.5135,41.2916692994842,2.93644652470064,0.755307800116696,3.15487525611667,0.857011460839678,16,119853.791495019,273701.401849909,4993666.42657473,0.0192072353940452,0.0438621689596681,0.800262764641428,6240033.4580258
2018-08-06,2018,0,0,1.6,10,24,5.6,1.6,10,9,334,NA,NA,1.189,25.4793,41.7838940043184,3.09067915116649,1.08990753492468,2.72565263462094,0.993917117104481,15,12057.1482421917,86860.2008001416,589707.435070934,0.0155392992458525,0.111945762437013,0.760017221070981,775913.253965411
2018-08-13,2018,0,0,1.6,7,20,5.2,0.1,10,9,208,0.1,5.3,1.8,25.6658,42.5305081774974,2.7285283420794,1.17847424376275,4.98077059533102,1.72639514966712,13,6185.63748054385,89353.0469742604,3478.35016218948,0.00825674645716046,0.119270722922539,0.0046429903900376,749161.611372905
2018-08-20,2018,0,0,3.8,7,9,4.2,1.6,9,9,430,0.1,5.3,3.985,14.7346,40.8132744790177,3.0599189373222,0.969568665466338,6.26301467108377,1.76894931351469,16,4112.33516712057,594031.910549414,224299.782409451,0.00171043876579268,0.247074999150189,0.0932927466757575,2404257.46268371
2018-08-27,2018,0,0,3.8,8,9,4.1,0.1,10,9.5,962,0.1,5.9,3.857,15.4696,37.1668723690076,3.24008790570952,1.04307405554722,9.34362754245195,1.78575797388444,17,6711.21528569561,97168.4485741472,82043.3890633807,0.00620663961886935,0.0898629409057709,0.075875043095762,1081296.11155322
2018-09-03,2018,0,0,3.8,8,13,5.4,1.6,15,8,378,0.1,10.5,3.175,20.4009,41.9445465622241,3.15207300760121,0.896634247917721,5.8358334552905,2.18771091825227,16,102721.500246979,197501.75029291,385898.961873114,0.0503930734058379,0.0968903313947152,0.189314161749506,2038405.14786063
2018-09-10,2018,0,0,3.8,5,13,4.2,NA,NA,9,336,1.6,5.4,3.745,16.6675,31.7859396588533,3.28923050012305,0.776577902015823,2.15776669504926,1.7387980994763,15,18428.5392239018,700210.142989937,488626.293778876,0.0117210150420356,0.445351284703363,0.310778628177331,1572264.78746172
2018-09-17,NA,NA,NA,NA,NA,NA,NA,NA,NA,NA,NA,NA,NA,NA,NA,NA,NA,NA,NA,NA,NA,NA,NA,NA,NA,NA,NA,NA
2019-01-01,NA,NA,NA,NA,NA,NA,NA,NA,NA,NA,NA,NA,NA,NA,NA,NA,NA,NA,NA,NA,NA,NA,NA,NA,NA,NA,NA,NA
2019-02-27,2019,0,0,NA,NA,NA,NA,NA,NA,NA,NA,NA,NA,3,5.885766,0.262490831158072,NA,NA,NA,0.663277617203262,12,1104352.54323018,17409.7401354623,481.914277396941,0.85752200241195,0.0135185410799761,0.000374203055607214,1287841.6415252
2019-03-07,NA,NA,NA,NA,NA,NA,NA,NA,NA,NA,NA,NA,NA,NA,NA,NA,NA,NA,NA,NA,NA,NA,NA,NA,NA,NA,NA,NA
2019-03-18,NA,NA,NA,NA,NA,NA,NA,NA,NA,NA,NA,NA,NA,NA,NA,NA,NA,NA,NA,NA,NA,NA,NA,NA,NA,NA,NA,NA
2019-03-25,NA,NA,NA,NA,NA,NA,NA,NA,NA,NA,NA,NA,NA,NA,NA,NA,NA,NA,NA,NA,NA,NA,NA,NA,NA,NA,NA,NA
2019-04-01,2019,0,0,6.2,3,13,3.5,1.6,11,9,81,6.2,3.5,6.2,8,2.86737795407334,4.23870044446593,NA,NA,1.8652482017453,14,39641.7511097281,11474.903477368,4901.71075349676,0.261216895164031,0.0756131748662695,0.0322995233100677,151757.990557368
2019-04-08,NA,NA,NA,NA,NA,NA,NA,NA,NA,NA,NA,NA,NA,NA,NA,NA,NA,NA,NA,NA,NA,NA,NA,NA,NA,NA,NA,NA
2019-04-15,2019,0,0,3.8,6,14,2.8,1.6,18,8,73,0.1,4.9,3,10.99102,9.93295592053237,2.50714111342946,NA,NA,1.51132665369366,7,0,32655.3681729099,16627.2420012849,0,0.235483880954538,0.119902107834173,138673.475401122
2019-04-22,2019,0,0,3.8,2,12,2.3,1.6,17,9,92,0.1,5.8,4,9.807214,10.6816156189132,2.57625307193019,NA,NA,1.36128590511569,5,0,3490.8927844492,17269.108981953,0,0.0352234415381728,0.174246958643885,99107.0898244285
2019-04-29,2019,0,0,6.2,0,20,1.8,1.6,12,8,82,0.1,3.1,6,8.687434,15.9475677486229,2.5049924654734,NA,NA,1.58510351622317,7,2945.24311274043,6374.16063238855,20829.7629632511,0.0435379899002302,0.0942258858139415,0.307915501302843,67647.6594231756
2019-05-06,2019,0,0,6.2,3,48,0.8,1.6,10,9,191,3.8,4.1,7,8.59643,26.9306853529169,2.0515751227689,NA,NA,1.62128681205592,10,8758.14645402464,58723.4247241717,16336.7812752704,0.0740962133073779,0.49681555650425,0.138213449213578,118199.649659459
2019-05-13,2019,0,0,3.8,5,20,0.8,1.6,10,9,311,8,3,3,14.2535,26.7023816039648,2.60009357438786,NA,NA,1.06954323581587,11,2945.24311274043,196675.719235674,15535.0600408756,0.0100747215854696,0.672763856182233,0.0531404025862396,292339.901182801
2019-05-20,2019,0,0,3.8,4,29,2.2,1.6,12,9,64,8,4.4,4,11.47634,31.7212664032998,2.11237748304479,NA,NA,1.10043020308618,8,7315.32358060427,165981.37901069,268946.719929685,0.0149751849496039,0.339780164402525,0.550560317415744,488496.376186509
2019-05-27,2019,0,0,5,4,9,1.4,1.6,8,9,26,0.1,2.6,5,10.65103,41.3296313436925,2.26511582723987,NA,NA,1.87254337121798,11,88102.4443088966,117738.212002245,33555.1556748408,0.304632215380833,0.407103941764307,0.116023811721229,289209.216427607
2019-06-03,2019,0,0,5,4,18,3.8,1.6,10,9,27,8,4.4,5.238,10.0708,38.1926543490441,2.46455715932695,0.867289112796389,22.9695769151169,1.36326730060273,12,46126.5759622991,212200.778305887,138482.886752785,0.107278000416305,0.493521895101109,0.32207392100508,429972.368829579
2019-06-10,2019,1,0,0.1,6,16,5,1.6,11,6.2,63,0.1,5,0.559,21.5969,28.3893396922416,3.08659569378658,0.8217482536702,1.61784396775516,0.382443578265175,9,0,62050.4785484137,1610561.79874304,0,0.0355721150543452,0.92329811062328,1744357.29935136
2019-06-17,2019,1,0,3.8,4,10,1.5,1.6,12,9,30,0.1,2.8,2.997,17.9986,33.6857459793583,3.16262454072323,0.920358721088813,5.84711052926875,0.854566392019524,11,88357.2933822129,32928.3815353937,950050.518511042,0.0768211155101606,0.0286291590050262,0.826009238505228,1150169.36158037
2019-06-24,2019,0,0,3.8,NA,NA,1.2,1.6,12,9,215,1.6,3,2.742,18.7163,35.1083925671281,2.84354030806046,0.911076278836225,5.5192467922013,0.489957860446133,13,3534.29173528852,43749.2832921705,2264686.96515511,0.00145949622008015,0.0180663958661369,0.935209177076841,2421583.34270605
2019-07-01,2019,0,0,3.8,7,12,5,1.6,11,9,424,9,5.1,NA,NA,NA,NA,NA,NA,0.510220897888033,18,39312.9929242411,115488.956574805,5140558.77829638,0.00714394021104292,0.0209866036502502,0.93414013617001,5502984.59433802
2019-07-08,2019,0,0,1.6,11,13,3.6,1.6,11,8,175,1.6,3.6,NA,NA,NA,NA,NA,NA,1.14644667795567,12,50357.5851500511,89857.2649583624,1074441.4607299,0.0318534330378832,0.0568387535619472,0.679632452996021,1580915.47275802
2019-07-15,NA,NA,NA,NA,NA,NA,NA,NA,NA,NA,NA,NA,NA,NA,NA,NA,NA,NA,NA,NA,NA,NA,NA,NA,NA,NA,NA,NA
2019-07-22,2019,1,0,0.1,10,11,5.5,1.6,13,9,343,0.1,5.5,0.302,27.4231,50.1824767826541,2.60621915002976,0.988617076309611,8.30615942028986,1.63419770658347,15,84198.3353660234,16198.4196843685,385505.377128161,0.105841409525296,0.0203622026970346,0.484599040081386,795514.11629585
2019-07-29,2019,0,0,3.8,6,17,3.7,1.6,14,9,725,NA,NA,3.213,18.8746,43.46467321625,2.95483938461223,1.0984747981118,1.32920895314889,1.64398093047685,13,131125.085337821,22206.6099024511,640984.267924446,0.0842303253490978,0.0142647760507839,0.411746640940843,1556744.37673564
2019-08-05,NA,NA,NA,NA,NA,NA,NA,NA,NA,NA,NA,NA,NA,NA,NA,NA,NA,NA,NA,NA,NA,NA,NA,NA,NA,NA,NA,NA
2019-08-12,2019,1,0,1.6,13,21,4.8,1.6,13,8,375,1.6,4.8,2.336,22.8012,39.1079606280001,3.09794668228077,1.0490411721921,1.28475155000449,1.05165207583014,14,64266.9954565344,224804.427619485,2127346.96488418,0.0236453913678569,0.0827110188445771,0.782702710817242,2717950.16866998
2019-08-19,2019,1,0,1.6,13,17,6.2,1.6,13,9,429,1.6,6.2,2.289,22.7749,47.4539223410482,2.60377199561584,0.942289121915299,1.10975385745775,0.820077146719281,13,22266.5416097382,179109.74249148,1885302.45622861,0.00998542569172201,0.080321724660194,0.845463472192669,2229904.09194044
2019-08-28,2019,0,0,3.8,9,27,2.6,9,10,9,1063,1.6,5.3,3.116,19.3102,31.2159811862842,3.27108645835892,0.755695928847124,1.02308991927914,0.335505096874754,11,13113.3136706651,180618.658788045,4394304.28174613,0.00281231808449226,0.0387359849130027,0.942414839657352,4662813.1230869
2019-09-02,2019,0,0,3.8,12,24,NA,3.8,12,9,1653,NA,NA,3.258,19.8215,33.3536741198901,3.3008040233064,1.01568366606609,0.379032901296112,1.52695634856759,13,8358.70199894728,562916.030667904,943077.254614462,0.00496566346636518,0.334412157350621,0.560254961809716,1683300.13815169
2019-09-11,2019,1,0,3.8,3,43,2.4,6.2,8,9,689,0.1,5.2,3.493,18.8029,33.5160068693063,3.39996488180051,1.05902519915867,0.715472682971587,0.602990624351674,14,4587.04953807138,191859.845768163,2098386.35165774,0.00196255884203731,0.0820868040815921,0.89778988743771,2337280.00395118
2019-09-27,NA,NA,NA,NA,NA,NA,NA,NA,NA,NA,NA,NA,NA,NA,NA,NA,NA,NA,NA,NA,NA,NA,NA,NA,NA,NA,NA,NA
2019-10-04,NA,NA,NA,NA,NA,NA,NA,NA,NA,NA,NA,NA,NA,NA,NA,NA,NA,NA,NA,NA,NA,NA,NA,NA,NA,NA,NA,NA
2019-10-11,2019,1,0,1.6,9,14,5.6,NA,NA,9,1153,1.6,5.6,2.393,19.1719,13.14232343161,4.16163096116918,0.83133855124599,0.16957636935297,0.315152879832271,12,14590.1019501745,612832.752072873,9525597.66429358,0.00141971055031438,0.0596325595713639,0.926901782333732,10276814.4865471
2019-10-16,2019,1,0,0.1,5,48,4.3,6.2,8,8,1188,1.6,5.2,0.1,17.42111,6.85169852154251,4.49710770556215,NA,NA,0.260637892707479,11,43622.198578238,102694.304713951,3709267.10311634,0.0112034415399874,0.0263748659364081,0.952647012310235,3893642.71885041
2019-10-23,2019,1,0,1.6,5,66,3.8,3.8,7,9,1173,3.8,5,NA,NA,NA,NA,NA,NA,0.336960349934584,9,17858.9284884087,506602.787017241,7241832.77374846,0.00227356842848114,0.0644941326177843,0.921936742701051,7855021.32449093
2019-10-30,2019,1,0,0.1,11,9,7,0.1,11,9,538,0.1,7,0.845,15.2948,3.62762061544525,1.74516380124769,0.301542677987573,1.77498914040253,0.161527444143114,8,116737.712489432,443662.719631336,20110373.4121342,0.00563166598766374,0.0214031969177774,0.970165540588147,20728806.1374996
2019-11-08,NA,NA,NA,NA,NA,NA,NA,NA,NA,NA,NA,NA,NA,NA,NA,NA,NA,NA,NA,NA,NA,NA,NA,NA,NA,NA,NA,NA
2019-11-20,2019,1,0,5,7,13,3.6,9,12,5,13,9,5.7,5.23,7.3884,0.695428499423418,NA,1.06878190950993,NA,0.637760596664155,10,26684.6858784974,1089349.55386561,3450698.13513657,0.00580824184099259,0.237109992114516,0.75108582429616,4594279.40657808
